{"cameraMode":{"drawMode":0,"name":"Shaded","section":"Shading Mode"},"sceneLighting":true,"audioPlay":false,"sceneViewState":{"showFog":true,"showMaterialUpdate":false,"showSkybox":true,"showFlares":true,"showImageEffects":true,"showParticleSystems":true},"in2DMode":false,"pivot":{"x":50.298988342285159,"y":14.174683570861817,"z":-23.126184463500978},"rotation":{"x":-0.15257179737091065,"y":0.04386543110013008,"z":-0.006824013777077198,"w":-0.9873744249343872},"size":4.116793155670166,"orthographic":false}